#﻿MIN=0	-90	-90	-90
#MAX=113.137084989848	90	90	90
#SCALE=113.137084989848	45	45	45
#DEC=2	1	1	1
#DEF="Tiempo" t / s	"Angulo" &a_A1 / °	"Angulo" &a_B1 / °	"Angulo" &a_A1 / °
0	11.7	0.36	0
0.049	12.06	0.54	0
0.099	12.42	0.54	0
0.153	12.6	0.54	0
0.204	12.78	0.54	0
0.255	12.78	0.54	0
0.305	12.78	0.54	0
0.354	12.78	0.54	0
0.405	12.78	0.54	0
0.457	12.78	0.54	0
0.506	12.6	0.54	0
0.555	12.6	0.36	0
0.602	12.42	0.36	0
0.654	12.42	0.36	0
0.703	12.24	0.36	0
0.752	12.24	0.18	0
0.802	12.24	0.18	0
0.852	12.24	0.18	0
0.904	12.06	0.18	0
0.956	12.06	0.18	0
1.007	11.88	0.18	0
1.059	11.88	0.36	0
1.11	12.06	0.36	0
1.161	12.06	0.36	0
1.214	12.24	0.36	0
1.264	12.42	0.36	0
1.315	12.42	0.36	0
1.367	12.42	0.36	0
1.417	12.42	0.36	0
1.469	12.42	0.36	0
1.52	12.42	0.36	0
1.57	12.42	0.36	0
1.62	12.42	0.36	0
1.673	12.42	0.36	0
1.723	12.42	0.36	0
1.772	12.6	0.36	-0.36
1.827	12.6	0.36	-1.26
1.882	12.78	0.36	-2.16
1.938	12.78	0.36	-3.06
1.993	12.78	0.36	-4.5
2.048	12.78	0.36	-6.12
2.104	12.78	0.36	-7.74
2.158	12.78	0.36	-9.36
2.212	12.78	0.36	-10.98
2.266	12.78	0.36	-12.42
2.319	12.96	0.36	-13.86
2.371	12.96	0.36	-15.3
2.425	12.96	0.36	-16.56
2.476	12.96	0.36	-17.82
2.531	12.96	0.18	-18.9
2.588	12.78	0.18	-19.44
2.642	12.6	0.18	-19.98
2.696	12.42	0.18	-20.34
2.753	12.24	0.18	-20.34
2.809	12.24	0.18	-20.52
2.865	12.42	0.18	-20.34
2.919	12.6	0.18	-20.16
2.973	12.6	0.18	-19.98
3.026	12.6	0.18	-19.98
3.077	12.6	0.18	-19.98
3.13	12.42	0.18	-19.98
3.181	12.42	0.18	-19.62
3.236	12.42	0.36	-19.44
3.286	12.42	0.36	-19.08
3.339	12.6	0.36	-18.9
3.391	12.78	0.36	-18.9
3.445	12.96	0.36	-18.9
3.496	13.14	0.36	-18.9
3.547	13.32	0.36	-19.08
3.598	13.32	0.36	-19.26
3.654	13.14	0.36	-19.44
3.709	13.14	0.36	-19.62
3.763	12.96	0.36	-19.98
3.816	12.96	0.36	-20.16
3.869	12.96	0.36	-20.16
3.921	12.96	0.36	-20.16
3.975	13.14	0.36	-19.98
4.026	13.14	0.36	-19.98
4.079	13.32	0.36	-19.98
4.13	13.32	0.36	-20.16
4.185	13.5	0.36	-20.34
4.239	13.68	0.36	-20.52
4.296	13.86	0.36	-20.7
4.348	13.68	0.36	-20.7
4.403	11.52	0.36	-18.18
4.456	7.2	0.36	-12.6
4.512	1.44	0.36	-5.04
4.565	-4.5	0.36	3.78
4.62	-9.54	0.18	11.52
4.673	-12.96	-0.18	17.64
4.73	-13.68	-0.54	20.52
4.787	-11.34	-0.9	19.62
4.844	-6.84	-1.26	15.12
4.899	-1.08	-1.44	8.46
4.956	5.04	-1.62	0
5.009	9.9	-1.62	-8.28
5.065	12.6	-1.44	-15.12
5.122	12.96	-1.08	-19.62
5.177	10.44	-0.54	-20.7
5.233	5.76	0	-18.36
5.286	0.18	0.36	-12.96
5.34	-5.4	0.9	-5.04
5.396	-10.08	1.08	3.6
5.449	-12.42	1.26	11.34
5.504	-12.42	1.26	17.46
5.56	-9.9	0.9	20.34
5.613	-5.4	0.54	19.98
5.666	0	0.18	16.74
5.717	5.22	-0.18	10.62
5.77	9.72	-0.72	3.06
5.822	12.24	-0.9	-5.22
5.879	12.78	-1.08	-12.96
5.936	10.26	-1.08	-18.54
5.995	5.58	-1.08	-20.52
6.051	-0.36	-0.9	-18.72
6.11	-6.3	-0.72	-13.5
6.169	-10.8	-0.54	-5.22
6.228	-12.96	-0.36	3.78
6.284	-12.42	-0.36	11.7
6.34	-9.36	-0.36	17.28
6.395	-4.14	-0.36	20.16
6.453	2.16	-0.36	19.26
6.51	7.74	-0.36	15.12
6.563	11.52	-0.18	8.82
6.615	13.14	0	1.26
6.667	12.42	0.18	-6.48
6.721	9.36	0.36	-13.68
6.774	4.68	0.72	-18.36
6.828	-0.9	0.9	-20.16
6.885	-6.66	0.9	-18.54
6.94	-10.62	0.72	-13.68
6.997	-12.6	0.54	-5.94
7.055	-11.7	0	2.34
7.108	-8.64	-0.54	10.44
7.166	-3.6	-1.08	16.74
7.224	2.34	-1.62	19.8
7.279	7.56	-1.8	19.26
7.336	10.98	-1.98	15.3
7.392	12.06	-1.8	8.64
7.448	10.62	-1.44	0.72
7.501	7.2	-0.9	-7.02
7.556	2.16	-0.36	-14.04
7.612	-3.24	0.36	-18.72
7.668	-8.1	0.9	-19.98
7.725	-11.34	1.26	-17.82
7.781	-12.06	1.44	-12.6
7.837	-10.26	1.26	-5.22
7.892	-6.3	1.08	3.6
7.947	-1.26	0.54	10.98
8	4.14	0.18	16.38
8.052	8.64	-0.36	19.62
8.106	11.52	-0.72	19.62
8.159	12.42	-0.9	16.2
8.214	10.8	-1.08	10.44
8.267	7.02	-1.08	2.52
8.323	1.8	-0.9	-5.76
8.379	-3.78	-0.72	-13.14
8.438	-8.82	-0.54	-18.36
8.499	-11.88	-0.36	-19.98
8.557	-12.24	-0.36	-17.64
8.615	-9.72	-0.36	-11.88
8.675	-5.04	-0.36	-4.14
8.732	0.54	-0.54	4.14
8.785	5.58	-0.72	11.52
8.839	9.72	-0.72	17.1
8.893	12.06	-0.54	19.62
8.948	11.88	-0.36	19.08
9.003	9.36	0	15.66
9.053	5.58	0.36	9.72
9.105	0.54	0.54	2.7
9.156	-4.32	0.9	-5.4
9.211	-8.82	1.08	-12.6
9.267	-11.34	1.08	-17.82
9.324	-11.52	0.72	-19.62
9.38	-9.18	0.36	-18.18
9.436	-5.04	-0.18	-13.32
9.494	0.36	-0.72	-6.3
9.548	5.4	-1.26	1.98
9.603	9.36	-1.62	9.54
9.658	11.34	-1.8	15.66
9.713	10.98	-1.8	19.08
9.768	8.46	-1.62	19.26
9.821	4.32	-1.26	16.02
9.877	-0.9	-0.72	9.9
9.933	-5.94	0	2.52
9.986	-9.54	0.36	-5.22
10.041	-11.52	0.72	-12.24
10.096	-10.98	1.08	-17.28
10.149	-8.46	1.08	-19.44
10.204	-4.14	1.08	-18.36
10.26	1.44	0.72	-14.4
10.312	6.12	0.54	-8.28
10.365	9.9	0.18	-0.36
10.42	11.88	-0.18	7.56
10.473	11.52	-0.54	14.22
10.529	9	-0.72	18.36
10.585	4.5	-0.72	19.44
10.639	-0.72	-0.72	17.1
10.694	-5.94	-0.72	11.7
10.75	-9.9	-0.72	4.14
10.808	-11.88	-0.54	-4.5
10.869	-11.34	-0.54	-11.88
10.926	-7.92	-0.54	-17.46
10.985	-2.7	-0.72	-19.44
11.046	2.88	-0.72	-17.82
11.103	7.74	-0.72	-12.78
11.161	10.8	-0.72	-5.58
11.216	11.7	-0.54	2.34
11.269	10.26	-0.18	9.72
11.323	6.66	0	15.48
11.375	2.16	0.36	18.72
11.426	-2.52	0.72	19.08
11.482	-7.2	0.9	16.2
11.537	-10.26	0.9	10.62
11.591	-11.34	0.9	3.42
11.644	-10.08	0.72	-4.5
11.702	-6.66	0.36	-11.7
11.756	-1.8	-0.18	-17.46
11.818	3.78	-0.54	-19.44
11.874	8.1	-1.08	-18
11.93	10.8	-1.26	-13.32
11.987	11.16	-1.44	-6.3
12.043	9.18	-1.44	1.62
12.096	5.4	-1.44	9
12.15	0.54	-1.08	14.94
12.203	-4.32	-0.72	18.54
12.258	-8.64	-0.36	18.9
12.315	-11.16	0	16.2
12.366	-11.52	0.36	10.8
12.419	-9.54	0.54	3.6
12.474	-5.76	0.54	-4.14
12.53	-0.72	0.54	-11.34
12.585	4.68	0.54	-16.56
12.64	8.64	0.54	-18.9
12.69	11.16	0.36	-18.54
12.744	11.88	0.18	-15.3
12.795	10.26	0.18	-9.54
12.85	6.84	0	-2.52
12.899	2.34	0	5.04
12.951	-2.52	-0.18	12.24
13.008	-7.38	-0.36	17.1
13.065	-10.8	-0.54	18.9
13.124	-11.7	-0.72	17.1
13.182	-9.9	-0.9	11.88
13.239	-6.3	-0.9	5.22
13.294	-1.08	-1.08	-3.24
13.356	4.5	-1.08	-10.98
13.415	8.82	-1.08	-16.56
13.47	10.98	-0.9	-19.08
13.527	10.98	-0.54	-18.18
13.583	8.64	-0.18	-14.04
13.639	4.5	0.18	-7.56
13.695	-0.72	0.54	0.54
13.749	-5.22	0.9	7.92
13.802	-8.82	1.08	14.04
13.857	-10.8	1.08	18.18
13.913	-10.44	0.9	18.9
13.966	-7.92	0.54	16.56
14.021	-3.96	0.18	11.52
14.075	0.72	-0.18	4.5
14.129	5.4	-0.54	-3.24
14.186	9.18	-0.9	-10.62
14.242	10.8	-1.08	-16.2
14.298	10.26	-1.26	-18.9
14.354	7.56	-1.26	-18.36
14.41	3.24	-1.08	-14.58
14.466	-1.8	-0.9	-7.74
14.525	-6.66	-0.54	0.54
14.582	-10.08	-0.36	8.46
14.64	-11.16	-0.18	14.76
14.697	-9.72	0	18.18
14.752	-6.66	0	18.72
14.805	-2.16	0	16.02
14.859	2.7	0	10.98
14.91	7.02	0	4.5
14.961	9.9	0.18	-2.7
15.012	11.16	0.18	-9.72
15.068	10.44	0.36	-15.3
15.12	7.74	0.36	-18.54
15.174	3.6	0.36	-18.54
15.226	-1.08	0.36	-15.66
15.283	-5.76	0.36	-9.9
15.34	-9.36	0.18	-1.98
15.396	-10.8	-0.18	5.94
15.452	-10.08	-0.54	12.78
15.507	-7.2	-0.9	17.28
15.564	-2.88	-1.26	18.72
15.619	1.98	-1.44	16.92
15.674	6.3	-1.62	12.24
15.728	9.18	-1.44	5.58
15.784	10.44	-1.26	-2.16
15.84	9.36	-0.9	-9.72
15.898	6.3	-0.36	-15.48
15.954	1.8	0.18	-18.54
16.009	-2.88	0.54	-18.36
16.065	-6.84	1.08	-14.76
16.123	-9.54	1.26	-8.64
16.176	-10.08	1.26	-1.26
16.232	-8.64	1.08	6.12
16.282	-5.58	0.72	12.6
16.336	-1.44	0.18	17.1
16.39	3.24	-0.18	18.72
16.446	7.2	-0.54	17.1
16.504	9.9	-0.9	12.6
16.556	10.26	-1.08	6.12
16.61	8.82	-1.08	-1.26
16.663	5.58	-1.08	-8.82
16.72	1.08	-0.9	-14.94
16.776	-3.6	-0.72	-18.36
16.835	-7.74	-0.54	-18.54
16.891	-10.08	-0.36	-15.12
16.949	-10.26	-0.18	-8.82
17.008	-8.1	-0.18	-1.08
17.065	-4.32	-0.18	7.02
17.121	0.54	-0.36	13.32
17.175	4.86	-0.36	17.28
17.229	8.28	-0.36	18.72
17.281	10.08	-0.18	16.92
17.336	10.08	0	12.78
17.386	8.46	0.18	6.48
17.438	5.04	0.36	-0.54
17.492	0.72	0.54	-7.74
17.544	-3.6	0.72	-14.22
17.604	-7.56	0.72	-17.82
17.658	-9.54	0.54	-18.36
17.715	-9.72	0.36	-15.66
17.773	-7.74	-0.18	-9.9
17.83	-4.14	-0.72	-2.16
17.889	0.54	-1.08	5.94
17.944	4.86	-1.44	12.06
17.997	7.92	-1.62	16.74
18.052	9.54	-1.62	18.36
18.106	9.18	-1.62	17.1
18.159	7.2	-1.26	13.14
18.209	3.78	-0.9	7.2
18.262	-0.18	-0.18	-0.54
18.322	-4.86	0.36	-7.74
18.376	-7.92	0.72	-13.86
18.429	-9.54	1.08	-17.46
18.485	-9.18	1.08	-18.36
18.542	-6.66	1.08	-15.84
18.596	-2.88	0.9	-10.62
18.654	1.62	0.54	-3.6
18.71	5.76	0.18	3.96
18.76	8.46	-0.18	10.62
18.812	9.9	-0.54	15.48
18.868	9.36	-0.72	18.18
18.922	7.02	-0.9	17.64
18.975	3.42	-0.9	14.22
19.027	-0.9	-0.9	8.46
19.082	-5.22	-0.72	1.08
19.137	-8.46	-0.72	-6.48
19.196	-10.08	-0.54	-13.14
19.253	-9.36	-0.36	-17.46
19.313	-6.48	-0.36	-18.36
19.373	-2.16	-0.36	-15.48
19.433	2.7	-0.36	-9.9
19.49	6.66	-0.36	-2.34
19.549	9.36	-0.36	5.58
19.604	9.9	-0.18	12.06
19.658	8.46	0	16.38
19.71	5.58	0.18	18.18
19.765	1.44	0.36	17.1
19.818	-2.52	0.54	13.32
19.87	-6.3	0.72	7.38
19.924	-8.64	0.72	0.36
19.976	-9.54	0.54	-7.02
20.032	-8.28	0.36	-13.32
20.089	-5.4	0	-17.28
20.144	-1.26	-0.36	-18.18
20.206	3.42	-0.9	-15.48
20.263	7.02	-1.26	-9.9
20.321	9.18	-1.44	-2.88
20.375	9.18	-1.44	4.86
20.432	7.2	-1.44	11.7
20.486	3.96	-1.26	16.02
20.54	-0.18	-0.9	18
20.596	-4.5	-0.36	16.56
20.654	-7.74	0	12.6
20.707	-9.36	0.36	6.3
20.762	-9.18	0.54	-0.9
20.818	-7.02	0.72	-8.28
20.873	-3.42	0.72	-14.22
20.931	1.08	0.72	-17.46
20.984	5.04	0.54	-17.82
21.039	8.28	0.36	-15.48
21.09	9.72	0.18	-10.44
21.144	9.54	-0.18	-3.6
21.199	7.38	-0.18	3.78
21.251	3.96	-0.36	10.26
21.304	-0.18	-0.54	15.3
21.36	-4.5	-0.54	17.82
21.416	-7.92	-0.72	17.1
21.472	-9.72	-0.72	13.32
21.53	-9.54	-0.72	7.02
21.585	-7.2	-0.72	-0.36
21.644	-3.42	-0.9	-8.1
21.703	1.26	-0.9	-14.04
21.759	5.58	-0.72	-17.46
21.817	8.46	-0.54	-17.64
21.874	9.72	-0.36	-14.76
21.93	8.82	-0.18	-9.18
21.986	5.94	0.18	-2.52
22.039	2.34	0.36	4.68
22.088	-1.44	0.54	10.98
22.141	-5.22	0.72	15.66
22.194	-7.92	0.72	17.64
22.245	-9.18	0.72	17.28
22.299	-8.64	0.54	13.86
22.353	-6.48	0.36	8.64
22.403	-3.24	0	1.8
22.456	0.9	-0.36	-5.76
22.514	5.04	-0.72	-12.06
22.57	7.92	-1.08	-16.56
22.626	9.18	-1.08	-18
22.681	8.64	-1.26	-16.38
22.737	6.12	-1.26	-11.7
22.796	2.16	-1.08	-4.86
22.853	-2.34	-0.72	3.42
22.912	-6.3	-0.54	10.44
22.969	-8.82	-0.18	15.66
23.029	-9.36	0	17.64
23.083	-7.92	0.18	16.74
23.138	-5.04	0.18	13.14
23.193	-0.9	0.36	7.02
23.247	3.24	0.36	0.36
23.297	6.48	0.36	-6.12
23.35	9	0.36	-12.24
23.404	9.72	0.36	-16.38
23.459	8.46	0.18	-17.82
23.513	5.76	0.18	-16.2
23.567	1.8	0.18	-12.06
23.621	-2.34	0	-5.58
23.677	-6.12	-0.18	2.52
23.736	-8.82	-0.36	9.54
23.792	-9.36	-0.54	14.94
23.85	-7.92	-0.9	17.46
23.906	-4.86	-1.08	16.74
23.964	-0.9	-1.26	13.14
24.022	3.6	-1.26	7.02
24.077	6.84	-1.26	0
24.13	8.64	-1.08	-6.84
24.185	8.82	-0.72	-13.14
24.241	7.2	-0.36	-16.74
24.296	4.14	0.18	-17.82
24.347	0.54	0.54	-15.84
24.403	-3.6	0.72	-10.98
24.461	-6.84	0.9	-4.14
24.517	-8.46	1.08	3.6
24.573	-8.28	0.9	10.26
24.628	-6.48	0.54	15.12
24.682	-3.24	0.18	17.46
24.735	0.54	-0.18	17.1
24.789	4.14	-0.54	13.86
24.843	7.02	-0.9	8.1
24.898	8.64	-1.08	1.26
24.951	8.46	-1.08	-5.58
25.006	6.66	-1.08	-12.06
25.063	3.24	-1.08	-16.38
25.117	-0.54	-0.9	-17.82
25.176	-4.68	-0.54	-15.84
25.233	-7.56	-0.36	-10.98
25.29	-8.82	-0.18	-3.6
25.353	-8.1	-0.18	3.96
25.408	-5.58	-0.18	10.8
25.464	-1.98	-0.18	15.48
25.52	2.16	-0.18	17.46
25.573	5.58	-0.18	16.74
25.625	7.92	0	13.5
25.676	9	0	8.28
25.728	8.46	0.18	1.44
25.78	6.3	0.36	-5.04
25.832	3.06	0.36	-11.34
25.885	-0.72	0.54	-15.84
25.941	-4.5	0.54	-17.64
25.998	-7.38	0.36	-16.38
26.052	-8.46	0.18	-12.42
26.107	-8.1	-0.18	-5.94
26.165	-5.76	-0.54	1.8
26.221	-2.34	-0.9	8.82
26.278	1.62	-1.26	14.22
26.334	5.04	-1.44	17.1
26.388	7.38	-1.44	16.92
26.442	8.28	-1.44	14.04
26.496	7.56	-1.08	9
26.548	5.4	-0.72	2.52
26.6	2.16	-0.18	-4.14
26.656	-1.62	0.18	-10.62
26.708	-4.86	0.54	-15.3
26.765	-7.38	0.9	-17.46
26.821	-8.1	1.08	-16.56
26.876	-7.2	1.08	-12.6
26.932	-4.86	0.9	-6.48
26.989	-1.26	0.54	1.08
27.044	2.7	0.18	7.74
27.099	5.76	-0.18	13.5
27.154	7.92	-0.54	16.74
27.208	8.46	-0.9	17.1
27.263	7.2	-0.9	14.76
27.317	4.68	-1.08	10.08
27.371	1.08	-0.9	3.42
27.425	-2.7	-0.9	-4.14
27.486	-6.12	-0.72	-11.34
27.545	-8.28	-0.54	-15.84
27.604	-8.46	-0.36	-17.46
27.663	-6.66	-0.18	-15.66
27.722	-3.42	-0.18	-10.8
27.78	0.72	-0.18	-4.32
27.835	4.32	-0.18	3.06
27.89	7.2	-0.18	9.72
27.945	8.46	-0.18	14.58
27.999	8.1	0	17.1
28.053	6.3	0	16.92
28.103	3.42	0.18	14.22
28.155	0	0.36	9.54
28.204	-3.24	0.54	3.24
28.257	-6.12	0.54	-3.6
28.313	-7.92	0.54	-10.44
28.371	-7.92	0.36	-15.12
28.425	-6.3	0	-17.28
28.479	-3.42	-0.36	-16.2
28.538	0.54	-0.72	-12.42
28.593	3.96	-1.08	-6.48
28.649	6.66	-1.26	0.72
28.704	7.92	-1.44	7.74
28.758	7.56	-1.44	13.32
28.816	5.58	-1.26	16.56
28.871	2.34	-0.9	16.92
28.926	-1.08	-0.54	14.22
28.982	-4.68	0	9.36
29.034	-7.02	0.36	3.06
29.088	-8.1	0.54	-3.96
29.146	-7.38	0.72	-10.62
29.202	-5.22	0.72	-15.12
29.257	-1.8	0.72	-17.1
29.312	1.98	0.54	-16.2
29.366	5.22	0.36	-12.6
29.421	7.56	0	-6.66
29.476	8.46	-0.18	0.54
29.531	7.74	-0.36	7.38
29.586	5.22	-0.54	12.78
29.639	1.98	-0.72	16.2
29.694	-1.62	-0.72	16.92
29.75	-5.22	-0.72	14.4
29.807	-7.74	-0.72	9.18
29.865	-8.46	-0.72	2.52
29.919	-7.56	-0.72	-4.5
29.976	-5.04	-0.54	-10.98
30.034	-1.26	-0.54	-15.48
30.095	2.88	-0.54	-17.1
30.15	6.12	-0.36	-15.48
30.208	8.1	-0.36	-11.16
30.264	8.28	-0.18	-4.68
30.322	6.66	0	1.98
30.373	4.14	0.18	8.46
30.426	0.54	0.36	13.5
30.478	-2.88	0.54	16.38
30.533	-5.94	0.54	16.74
30.587	-7.74	0.54	14.04
30.642	-7.92	0.54	9.36
30.693	-6.66	0.18	3.24
30.745	-4.32	0	-3.42
30.799	-0.72	-0.36	-10.08
30.859	3.06	-0.72	-14.94
30.917	6.12	-0.9	-16.92
30.971	7.74	-1.08	-15.84
31.029	7.74	-1.26	-12.06
31.085	6.12	-1.08	-5.94
31.143	3.06	-1.08	1.26
31.197	-0.36	-0.72	8.1
31.253	-3.96	-0.54	13.32
31.309	-6.66	-0.18	16.38
31.366	-8.1	0	16.38
31.42	-7.74	0.18	13.86
31.473	-5.94	0.36	8.82
31.527	-2.88	0.36	3.06
31.577	0.54	0.36	-3.42
31.63	3.96	0.36	-9.36
31.682	6.66	0.36	-14.04
31.734	8.1	0.18	-16.56
31.787	8.28	0.18	-16.38
31.84	6.84	0	-13.86
31.892	4.14	0	-8.82
31.948	0.54	-0.18	-1.98
32.005	-3.42	-0.36	5.58
32.062	-6.48	-0.36	11.52
32.118	-8.1	-0.54	15.48
32.176	-7.92	-0.72	16.56
32.235	-6.12	-0.9	14.4
32.292	-3.06	-0.9	9.72
32.348	0.54	-0.9	3.78
32.401	3.96	-0.9	-2.88
32.456	6.66	-0.9	-9.36
32.512	7.92	-0.54	-14.4
32.57	7.56	-0.18	-16.56
32.623	5.58	0	-16.02
32.677	2.7	0.36	-13.14
32.729	-0.54	0.54	-7.92
32.784	-3.78	0.72	-1.26
32.837	-6.3	0.72	5.58
32.892	-7.56	0.72	11.52
32.948	-7.2	0.54	15.48
33.001	-5.22	0.36	16.74
33.056	-2.34	0	15.12
33.11	1.08	-0.36	11.16
33.164	4.14	-0.72	5.4
33.219	6.48	-0.9	-1.44
33.275	7.56	-1.08	-8.46
33.332	7.02	-1.08	-13.68
33.389	4.86	-1.08	-16.56
33.445	1.8	-0.9	-16.38
33.503	-1.8	-0.72	-12.96
33.562	-5.22	-0.36	-7.02
33.622	-7.2	-0.18	0.36
33.678	-7.74	-0.18	7.02
33.734	-6.48	0	12.6
33.79	-3.96	0	15.84
33.841	-0.72	0	16.56
33.896	2.7	0	14.76
33.948	5.4	0	10.8
33.999	7.2	0	5.04
34.049	7.92	0.18	-1.44
34.104	7.02	0.18	-8.28
34.161	4.68	0.18	-13.32
34.217	1.26	0.18	-16.2
34.27	-1.98	0.18	-16.38
34.325	-5.04	0.18	-13.86
34.377	-6.84	0	-9.18
34.433	-7.56	-0.18	-2.34
34.49	-6.66	-0.54	5.22
34.548	-4.14	-0.9	11.16
34.606	-0.9	-1.08	15.48
34.665	2.7	-1.26	16.38
34.721	5.4	-1.26	14.76
34.774	7.02	-1.26	10.44
34.828	7.2	-0.9	4.68
34.881	5.94	-0.54	-1.98
34.938	3.42	-0.18	-8.64
34.993	0.36	0.18	-13.32
35.046	-2.7	0.54	-16.2
35.099	-5.22	0.9	-16.2
35.154	-6.66	0.9	-13.86
35.207	-6.84	0.9	-8.82
35.264	-5.4	0.72	-2.16
35.32	-2.88	0.36	4.68
35.373	0.18	0.18	10.44
35.426	3.24	-0.18	14.76
35.48	5.58	-0.54	16.38
35.534	7.02	-0.9	15.48
35.589	7.02	-1.08	11.88
35.642	5.58	-1.08	6.12
35.698	3.06	-1.08	-0.18
35.754	-0.18	-0.9	-7.74
35.815	-3.78	-0.72	-13.32
35.874	-6.12	-0.36	-16.2
35.932	-7.2	-0.18	-16.02
35.991	-6.66	-0.18	-12.78
36.051	-4.5	-0.18	-6.84
36.11	-1.26	-0.18	0.36
36.167	1.98	-0.18	6.84
36.22	4.86	-0.18	12.24
36.274	6.66	-0.18	15.66
36.329	7.38	0	16.38
36.381	6.48	0	14.76
36.431	4.68	0.18	10.8
36.485	1.8	0.18	5.4
36.535	-1.08	0.36	-1.44
36.594	-4.32	0.36	-8.46
36.652	-6.3	0.36	-13.5
36.708	-7.02	0.18	-16.2
36.762	-6.3	0	-16.02
36.817	-4.14	-0.36	-12.96
36.878	-0.9	-0.72	-7.02
36.939	2.52	-1.08	0
36.994	5.04	-1.26	6.3
37.047	6.48	-1.26	11.7
37.101	6.66	-1.26	15.3
37.157	5.58	-1.08	16.2
37.212	3.24	-0.72	14.22
37.267	0.18	-0.36	9.9
37.321	-2.7	0	4.14
37.373	-5.04	0.36	-2.16
37.429	-6.48	0.54	-8.82
37.485	-6.66	0.72	-13.68
37.543	-5.22	0.9	-16.02
37.596	-2.88	0.72	-15.84
37.649	0.18	0.54	-12.96
37.703	3.06	0.36	-8.28
37.756	5.58	0	-2.16
37.808	6.84	-0.36	4.68
37.861	7.02	-0.54	10.26
37.915	5.76	-0.72	14.4
37.966	3.6	-0.9	16.02
38.02	0.54	-0.9	15.3
38.072	-2.52	-0.9	11.7
38.129	-5.22	-0.72	6.3
38.183	-6.84	-0.72	-0.18
38.241	-7.2	-0.54	-7.2
38.299	-5.76	-0.54	-12.6
38.358	-3.24	-0.36	-15.66
38.414	0	-0.36	-16.02
38.47	3.24	-0.36	-13.5
38.526	5.76	-0.18	-8.46
38.58	7.02	-0.18	-1.98
38.638	6.84	0	4.68
38.691	5.4	0	10.08
38.741	3.06	0.18	14.04
38.793	0.18	0.36	16.02
38.844	-2.7	0.36	15.48
38.897	-5.22	0.36	12.42
38.952	-6.66	0.36	7.2
39.006	-6.66	0.18	0.54
39.062	-5.4	0	-5.76
39.116	-3.06	-0.18	-11.7
39.175	0.18	-0.54	-15.12
39.23	3.06	-0.72	-16.02
39.286	5.4	-0.9	-14.22
39.341	6.66	-1.08	-9.9
39.397	6.48	-1.08	-3.78
39.452	4.86	-1.08	3.06
39.506	2.34	-0.9	9
39.559	-0.54	-0.72	13.5
39.616	-3.6	-0.36	15.66
39.673	-5.76	0	15.3
39.727	-6.84	0.18	12.06
39.782	-6.48	0.36	7.02
39.837	-4.68	0.54	0.72
39.891	-1.98	0.54	-5.58
39.946	1.08	0.54	-11.16
40.001	4.14	0.36	-14.76
40.057	6.3	0.18	-15.84
40.111	7.02	0	-14.22
40.166	6.66	0	-10.08
40.223	4.86	-0.18	-3.96
40.28	1.98	-0.36	2.7
40.334	-1.26	-0.54	8.82
40.389	-4.14	-0.54	13.5
40.447	-6.3	-0.72	15.66
40.505	-7.02	-0.72	14.94
40.561	-6.48	-0.72	11.52
40.617	-4.32	-0.72	5.94
40.674	-1.44	-0.72	-0.54
40.733	1.98	-0.72	-7.2
40.79	4.86	-0.54	-12.42
40.848	6.48	-0.36	-15.48
40.904	6.84	-0.18	-15.48
40.961	5.76	0	-13.14
41.013	3.6	0.18	-8.64
41.065	0.72	0.36	-2.88
41.118	-1.98	0.54	3.6
41.171	-4.5	0.54	9.36
41.223	-6.12	0.54	13.5
41.274	-6.48	0.36	15.48
41.326	-5.76	0.18	15.3
41.378	-3.96	0	12.78
41.431	-1.26	-0.36	7.74
41.487	1.62	-0.54	1.8
41.539	4.14	-0.72	-4.5
41.594	5.94	-0.9	-10.44
41.65	6.48	-1.08	-14.4
41.707	5.58	-1.08	-15.84
41.762	3.6	-0.9	-14.58
41.82	0.72	-0.72	-10.62
41.877	-2.34	-0.54	-4.14
41.937	-5.04	-0.36	2.52
41.992	-6.3	-0.18	8.82
42.049	-6.48	0	13.32
42.103	-5.22	0	15.48
42.159	-2.88	0.18	15.12
42.214	0	0.18	12.24
42.267	2.88	0.18	7.38
42.321	5.22	0.18	1.26
42.373	6.48	0.18	-4.68
42.426	6.66	0.18	-10.26
42.48	5.58	0.18	-14.22
42.534	3.42	0.18	-15.66
42.587	0.72	0	-14.76
42.641	-2.34	0	-11.16
42.697	-4.86	-0.18	-5.4
42.756	-6.3	-0.36	1.44
42.811	-6.48	-0.54	7.74
42.866	-5.22	-0.72	12.42
42.921	-3.06	-0.9	15.12
42.977	-0.18	-1.08	15.12
43.034	2.7	-1.08	12.6
43.089	4.86	-1.08	7.74
43.143	6.12	-0.9	1.62
43.199	6.12	-0.54	-4.5
43.254	4.86	-0.18	-10.26
43.31	2.52	0.18	-14.22
43.365	-0.18	0.36	-15.66
43.422	-3.06	0.72	-14.22
43.477	-5.04	0.72	-10.62
43.532	-5.94	0.72	-5.04
43.586	-5.58	0.72	1.26
43.639	-4.32	0.36	7.2
43.69	-2.16	0.18	11.88
43.741	0.36	-0.18	14.76
43.795	2.88	-0.54	15.48
43.848	4.86	-0.72	13.5
43.904	5.94	-0.9	9.18
43.958	5.76	-1.08	3.42
44.01	4.5	-1.08	-2.88
44.068	2.16	-0.9	-9
44.124	-0.72	-0.72	-13.68
44.183	-3.42	-0.54	-15.66
44.244	-5.4	-0.36	-14.58
44.303	-6.12	-0.18	-10.62
44.362	-5.4	0	-4.86
44.418	-3.6	0	1.62
44.472	-0.9	0	7.92
44.527	1.8	0	12.42
44.579	4.14	0	15.12
44.633	5.76	0	15.3
44.685	6.3	0	13.14
44.738	5.58	0	9
44.79	4.14	0.18	3.42
44.841	1.8	0.18	-2.34
44.894	-0.72	0.18	-8.46
44.949	-3.24	0.18	-12.96
45.004	-5.22	0.18	-15.3
45.059	-5.94	0	-15.12
45.115	-5.4	-0.18	-11.52
45.176	-3.6	-0.54	-5.94
45.237	-0.9	-0.9	1.08
45.295	1.98	-1.08	7.2
45.352	4.14	-1.08	12.24
45.406	5.4	-1.26	14.94
45.461	5.58	-1.08	15.12
45.516	4.68	-0.9	12.78
45.568	2.88	-0.54	8.46
45.623	0.54	-0.18	2.7
45.676	-1.98	0.18	-3.6
45.731	-4.14	0.54	-9.36
45.788	-5.4	0.72	-13.5
45.844	-5.4	0.72	-15.3
45.9	-4.32	0.72	-14.4
45.956	-2.34	0.54	-10.98
46.01	0.18	0.36	-5.94
46.064	2.7	0	0.36
46.116	4.68	-0.18	6.3
46.17	5.76	-0.54	11.34
46.225	5.76	-0.72	14.58
46.279	4.5	-0.9	15.12
46.333	2.52	-0.9	13.32
46.388	-0.18	-0.9	8.82
46.445	-2.88	-0.72	2.88
46.501	-4.86	-0.72	-3.42
46.559	-5.94	-0.54	-9.54
46.619	-5.76	-0.36	-13.68
46.675	-4.14	-0.18	-15.3
46.735	-1.62	-0.18	-14.04
46.792	1.08	-0.18	-10.44
46.847	3.6	-0.18	-4.86
46.904	5.4	0	1.62
46.956	5.94	0	7.02
47.005	5.58	0	11.7
47.058	4.14	0	14.4
47.108	2.16	0.18	15.12
47.16	-0.36	0.18	13.5
47.213	-2.7	0.36	9.72
47.264	-4.5	0.36	4.5
47.317	-5.58	0.18	-1.44
47.371	-5.58	0	-7.56
47.428	-4.32	-0.18	-12.78
47.49	-1.98	-0.36	-15.12
47.548	0.72	-0.72	-14.76
47.603	3.06	-0.9	-11.7
47.659	4.86	-1.08	-6.66
47.715	5.58	-1.08	-0.36
47.771	5.04	-1.08	5.76
47.823	3.6	-0.9	10.8
47.877	1.44	-0.72	14.04
47.933	-1.26	-0.36	14.94
47.99	-3.6	0	13.32
48.044	-5.04	0.18	9.36
48.099	-5.58	0.36	3.78
48.151	-5.04	0.54	-1.98
48.206	-3.42	0.54	-7.92
48.261	-1.08	0.54	-12.42
48.316	1.62	0.36	-14.76
48.369	3.78	0.18	-14.76
48.423	5.4	0	-12.24
48.477	5.94	-0.18	-7.56
48.533	5.4	-0.36	-1.62
48.589	3.6	-0.54	4.68
48.642	1.26	-0.54	9.72
48.694	-1.26	-0.72	13.5
48.751	-3.78	-0.72	14.94
48.807	-5.4	-0.72	13.5
48.865	-5.94	-0.72	9.54
48.922	-5.22	-0.72	3.96
48.978	-3.42	-0.54	-2.16
49.037	-0.72	-0.54	-8.64
49.096	2.16	-0.36	-12.96
49.153	4.32	-0.36	-14.94
49.21	5.58	-0.18	-14.22
49.267	5.76	0	-11.16
49.32	4.86	0.18	-6.3
49.375	2.7	0.36	-0.36
49.429	0.36	0.36	5.94
49.483	-2.16	0.36	10.8
49.536	-4.14	0.36	14.04
49.591	-5.22	0.36	14.76
49.645	-5.4	0.18	13.32
49.698	-4.5	0	9.54
49.753	-2.7	-0.18	3.96
49.807	-0.18	-0.54	-2.52
49.866	2.34	-0.72	-8.28
49.921	4.32	-0.9	-12.6
49.976	5.4	-0.9	-14.76
50.034	5.22	-0.9	-14.22
50.092	3.96	-0.9	-11.34
50.147	1.98	-0.72	-6.48
50.201	-0.54	-0.54	-0.18
50.26	-3.06	-0.36	6.48
50.318	-4.86	-0.18	11.52
50.375	-5.58	0	14.22
50.431	-5.04	0.18	14.58
50.486	-3.6	0.18	12.42
50.543	-1.08	0.18	7.92
50.598	1.44	0.18	2.52
50.651	3.6	0.18	-3.42
50.705	5.22	0.18	-9
50.761	5.76	0.18	-12.96
50.814	5.22	0	-14.76
50.868	3.78	0	-14.22
50.918	1.62	0	-11.52
50.972	-0.9	-0.18	-6.3
51.031	-3.42	-0.36	0
51.089	-5.04	-0.54	6.12
51.144	-5.58	-0.54	10.98
51.2	-5.04	-0.72	14.04
51.255	-3.6	-0.9	14.58
51.313	-1.08	-0.9	12.24
51.372	1.44	-0.9	7.74
51.426	3.6	-0.72	2.34
51.48	5.04	-0.54	-3.78
51.538	5.4	-0.36	-9.54
51.596	4.5	0	-13.32
51.652	2.7	0.18	-14.76
51.708	0.54	0.36	-13.86
51.758	-1.62	0.54	-10.44
51.814	-3.6	0.54	-5.04
51.872	-4.86	0.54	1.08
51.926	-5.04	0.54	6.84
51.979	-4.14	0.18	11.34
52.032	-2.34	0	14.04
52.086	-0.18	-0.36	14.58
52.143	1.98	-0.54	12.42
52.197	3.78	-0.72	8.28
52.25	4.86	-0.9	2.7
52.305	5.04	-0.9	-3.24
52.361	3.96	-0.9	-9
52.418	2.16	-0.9	-12.96
52.474	-0.18	-0.72	-14.76
52.533	-2.52	-0.36	-13.86
52.586	-4.14	-0.18	-10.26
52.645	-5.04	-0.18	-5.04
52.701	-4.86	0	1.08
52.755	-3.6	0	6.84
52.808	-1.62	0	11.34
52.86	0.54	0	14.04
52.912	2.7	0	14.58
52.962	4.14	0	12.96
53.014	5.04	0	9.36
53.066	5.22	0	4.5
53.116	4.32	0	-1.08
53.17	2.7	0	-7.02
53.225	0.54	0.18	-11.34
53.277	-1.62	0.18	-14.22
53.333	-3.6	0	-14.58
53.389	-4.86	-0.18	-12.06
53.449	-5.04	-0.36	-7.2
53.507	-3.96	-0.54	-0.9
53.567	-1.98	-0.72	5.58
53.625	0.36	-0.9	10.62
53.682	2.52	-1.08	13.68
53.736	4.14	-1.08	14.4
53.792	4.86	-0.9	12.6
53.847	4.5	-0.72	8.82
53.899	3.42	-0.36	3.78
53.951	1.62	0	-1.8
54.004	-0.36	0.18	-7.38
54.059	-2.52	0.54	-11.88
54.116	-3.96	0.72	-14.4
54.171	-4.5	0.72	-14.22
54.225	-4.32	0.72	-11.7
54.28	-3.06	0.54	-7.38
54.331	-1.26	0.36	-1.62
54.388	1.08	0	4.32
54.439	2.7	-0.36	9.54
54.495	4.14	-0.54	12.96
54.546	4.68	-0.72	14.4
54.6	4.32	-0.9	13.5
54.656	3.06	-0.9	10.26
54.711	1.26	-0.9	5.22
54.766	-0.9	-0.72	-0.9
54.825	-3.06	-0.54	-7.2
54.884	-4.5	-0.36	-12.06
54.945	-4.86	-0.18	-14.4
55.002	-4.14	-0.18	-14.04
55.061	-2.34	0	-11.16
55.117	-0.18	0	-6.3
55.172	1.98	0	-0.54
55.227	3.78	0	5.4
55.28	4.86	0	10.26
55.334	5.04	0	13.32
55.387	4.14	0	14.4
55.436	2.7	0	13.32
55.485	0.9	0.18	10.44
55.536	-1.08	0.18	5.58
55.591	-3.06	0.18	0
55.644	-4.32	0.18	-5.76
55.698	-4.68	0	-10.62
55.753	-4.32	-0.18	-13.86
55.812	-2.7	-0.36	-14.4
55.869	-0.72	-0.54	-12.24
55.93	1.62	-0.9	-7.74
55.986	3.42	-0.9	-1.8
56.044	4.5	-0.9	4.14
56.096	4.5	-0.9	9.18
56.15	3.6	-0.9	12.78
56.203	2.16	-0.72	14.22
56.257	0.18	-0.36	13.32
56.311	-1.8	0	10.26
56.366	-3.42	0.18	5.58
56.42	-4.32	0.36	-0.36
56.476	-4.5	0.54	-6.12
56.531	-3.6	0.54	-10.8
56.585	-1.8	0.54	-13.68
56.643	0.36	0.36	-14.22
56.695	2.34	0.18	-12.42
56.749	3.96	0	-8.64
56.801	4.68	-0.18	-3.24
56.857	4.68	-0.36	2.7
56.912	3.6	-0.54	8.28
56.968	1.98	-0.72	12.24
57.023	-0.18	-0.72	14.04
57.078	-2.34	-0.72	13.32
57.135	-3.96	-0.72	10.26
57.191	-4.86	-0.72	5.4
57.248	-4.68	-0.54	-0.54
57.307	-3.6	-0.54	-6.66
57.366	-1.44	-0.36	-11.34
57.423	0.9	-0.18	-13.86
57.479	2.88	-0.18	-13.86
57.535	4.32	0	-11.52
57.591	4.86	0	-7.2
57.646	4.5	0	-1.8
57.7	3.24	0.18	3.96
57.753	1.44	0.18	9
57.805	-0.72	0.18	12.6
57.858	-2.52	0.18	14.04
57.91	-3.96	0.18	13.32
57.965	-4.5	0.18	10.62
58.018	-4.32	0	5.94
58.069	-3.24	-0.18	0.36
58.124	-1.62	-0.36	-5.58
58.184	0.72	-0.54	-10.62
58.241	2.7	-0.72	-13.5
58.295	3.96	-0.9	-14.22
58.349	4.5	-0.9	-12.24
58.407	4.14	-0.9	-8.28
58.462	2.88	-0.72	-3.06
58.518	0.9	-0.54	2.88
58.57	-1.08	-0.36	8.28
58.626	-2.88	-0.18	12.24
58.683	-4.32	0	13.86
58.737	-4.5	0.18	13.32
58.791	-3.96	0.18	10.62
58.843	-2.7	0.36	6.3
58.895	-0.9	0.36	0.9
58.947	1.26	0.36	-4.5
59.002	3.06	0.18	-9.54
59.056	4.32	0.18	-12.78
59.109	4.86	0	-14.04
59.166	4.32	0	-12.96
59.217	3.06	-0.18	-9.72
59.274	1.08	-0.36	-4.5
59.331	-1.08	-0.36	1.62
59.386	-3.06	-0.54	7.2
59.443	-4.32	-0.72	11.52
59.5	-4.86	-0.72	13.68
59.557	-4.14	-0.72	13.32
59.617	-2.52	-0.72	10.44
59.671	-0.72	-0.72	5.76
59.727	1.44	-0.72	0.18
59.782	3.24	-0.54	-5.4
59.839	4.32	-0.36	-10.26
59.895	4.68	-0.18	-13.32
59.951	3.78	0.18	-13.86
60.006	2.34	0.18	-12.42
60.059	0.54	0.36	-8.82
60.112	-1.44	0.54	-3.42
60.17	-3.06	0.54	2.7
60.224	-4.14	0.36	7.56
60.276	-4.32	0.18	11.7
60.329	-3.6	0	13.68
60.385	-2.16	-0.18	13.32
60.441	-0.18	-0.36	10.8
60.497	1.8	-0.72	6.3
60.551	3.42	-0.72	0.54
60.607	4.14	-0.9	-5.04
60.662	4.14	-0.9	-9.9
60.718	3.24	-0.9	-13.14
60.775	1.62	-0.72	-14.04
60.831	-0.36	-0.54	-12.24
60.889	-2.34	-0.36	-8.1
60.95	-3.78	-0.18	-2.16
61.009	-4.32	0	3.6
61.061	-3.96	0	8.28
61.113	-2.88	0	12.06
61.167	-1.08	0	13.68
61.22	0.72	0	13.32
61.27	2.52	0	10.8
61.322	3.78	0	6.66
61.375	4.32	0	1.44
61.428	4.32	0	-3.96
61.483	3.24	0	-9
61.538	1.62	0	-12.6
61.592	-0.18	0	-13.86
61.648	-2.16	0	-12.78
61.705	-3.6	-0.18	-9.18
61.764	-4.32	-0.36	-3.78
61.823	-3.96	-0.54	2.52
61.881	-2.7	-0.72	8.1
61.94	-0.9	-0.9	12.06
61.996	1.08	-0.9	13.68
62.051	2.7	-0.9	12.96
62.108	3.78	-0.9	9.9
62.163	3.96	-0.54	5.22
62.219	3.42	-0.36	-0.54
62.277	2.16	0	-6.12
62.331	0.54	0.18	-10.44
62.384	-1.26	0.36	-13.32
62.442	-2.7	0.54	-13.68
62.495	-3.6	0.54	-11.88
62.55	-3.78	0.54	-7.92
62.604	-3.06	0.36	-2.7
62.659	-1.62	0.18	3.06
62.712	-0.18	0	7.92
62.764	1.44	-0.36	11.7
62.819	2.88	-0.54	13.5
62.873	3.78	-0.72	13.14
62.926	3.78	-0.9	10.62
62.982	3.06	-0.9	5.94
63.038	1.62	-0.9	0.18
63.094	-0.18	-0.72	-5.58
63.153	-1.98	-0.54	-10.44
63.213	-3.24	-0.36	-13.32
63.275	-3.96	-0.18	-13.5
63.334	-3.6	0	-11.16
63.39	-2.52	0	-6.84
63.447	-0.9	0	-1.26
63.503	0.9	0	4.14
63.553	2.34	0	8.82
63.606	3.6	0	12.24
63.659	3.96	0	13.5
63.708	3.78	0	12.96
63.759	2.88	0	10.44
63.811	1.44	0	6.12
63.865	-0.18	0	0.54
63.92	-1.8	0	-4.68
63.975	-3.06	0	-9.54
64.03	-3.78	0	-12.6
64.085	-3.6	-0.18	-13.68
64.143	-2.7	-0.36	-12.06
64.201	-1.26	-0.54	-8.1
64.259	0.54	-0.72	-2.88
64.316	2.16	-0.9	2.7
64.369	3.24	-0.9	7.74
64.422	3.6	-0.9	11.52
64.476	3.24	-0.9	13.32
64.527	2.34	-0.72	12.96
64.581	1.08	-0.36	10.8
64.633	-0.54	-0.18	6.48
64.688	-2.16	0	1.26
64.743	-3.06	0.36	-4.32
64.801	-3.6	0.54	-9.36
64.859	-3.06	0.54	-12.6
64.916	-1.98	0.54	-13.5
64.97	-0.36	0.36	-12.06
65.026	1.26	0.18	-8.82
65.078	2.7	0	-3.96
65.133	3.6	-0.18	1.62
65.186	3.78	-0.54	6.66
65.239	3.24	-0.72	10.62
65.292	2.16	-0.72	12.96
65.346	0.54	-0.9	13.14
65.4	-1.08	-0.9	10.98
65.457	-2.7	-0.72	6.66
65.513	-3.6	-0.72	1.08
65.572	-3.78	-0.54	-4.68
65.631	-3.24	-0.36	-9.54
65.691	-1.8	-0.36	-12.78
65.749	0	-0.18	-13.32
65.803	1.8	-0.18	-11.7
65.86	3.06	0	-8.1
65.914	3.78	0	-3.24
65.968	3.78	0	1.98
66.019	3.06	0	6.84
66.069	1.98	0	10.62
66.12	0.54	0.18	12.78
66.17	-1.08	0.18	13.14
66.223	-2.52	0.18	11.34
66.276	-3.42	0	7.92
66.328	-3.6	0	3.06
66.381	-3.24	-0.18	-3.06
66.445	-1.8	-0.36	-8.46
66.503	-0.18	-0.54	-12.06
66.564	1.62	-0.72	-13.32
66.62	2.88	-0.72	-12.24
66.677	3.42	-0.9	-8.82
66.734	3.42	-0.9	-3.96
66.79	2.52	-0.72	1.62
66.844	1.26	-0.72	6.84
66.899	-0.36	-0.54	10.98
66.955	-1.98	-0.18	12.96
67.014	-3.06	0	12.78
67.067	-3.6	0	10.26
67.123	-3.24	0.18	6.3
67.175	-2.34	0.18	1.08
67.228	-0.9	0.36	-3.96
67.283	0.72	0.36	-8.64
67.337	2.16	0.18	-11.88
67.39	3.24	0.18	-13.14
67.445	3.78	0	-12.24
67.499	3.6	-0.18	-9.18
67.556	2.52	-0.36	-4.32
67.614	0.9	-0.36	1.26
67.667	-0.72	-0.54	6.48
67.723	-2.34	-0.54	10.62
67.778	-3.42	-0.72	12.78
67.835	-3.78	-0.72	12.6
67.893	-3.42	-0.72	10.08
67.95	-2.34	-0.72	5.76
68.007	-0.72	-0.54	0.36
68.063	0.9	-0.54	-4.68
68.117	2.52	-0.36	-9.36
68.176	3.42	-0.18	-12.42
68.23	3.6	0	-13.14
68.285	3.24	0	-11.7
68.34	1.98	0.18	-8.46
68.392	0.54	0.36	-3.96
68.446	-0.9	0.36	1.62
68.499	-2.34	0.36	6.84
68.555	-3.24	0.18	10.62
68.609	-3.42	0.18	12.78
68.663	-2.88	0	12.78
68.717	-1.98	-0.18	10.44
68.772	-0.54	-0.36	6.48
68.828	1.08	-0.54	1.26
68.881	2.34	-0.72	-3.96
68.938	3.24	-0.72	-8.82
68.995	3.42	-0.72	-12.06
69.051	2.7	-0.72	-13.14
69.108	1.44	-0.72	-11.88
69.163	0	-0.54	-8.64
69.218	-1.44	-0.36	-3.6
69.277	-2.88	-0.18	2.16
69.334	-3.42	-0.18	7.38
69.389	-3.24	0	10.8
69.44	-2.52	0	12.78
69.492	-1.44	0	12.78
69.545	0.18	0	10.8
69.595	1.62	0	7.2
69.646	2.7	0	2.7
69.697	3.42	0	-2.34
69.749	3.6	0	-7.2
69.804	3.06	0	-10.8
69.854	1.98	0	-12.78
69.907	0.54	0	-12.78
69.956	-0.9	-0.18	-10.8
70.014	-2.34	-0.18	-6.3
70.075	-3.24	-0.36	-0.72
70.134	-3.42	-0.54	5.04
70.191	-2.88	-0.72	9.36
70.246	-1.62	-0.72	12.24
70.302	-0.18	-0.9	12.78
70.36	1.44	-0.9	11.16
70.415	2.52	-0.72	7.56
70.468	3.24	-0.54	2.88
70.522	3.24	-0.36	-2.16
70.574	2.7	-0.18	-7.2
70.632	1.44	0	-10.8
70.682	0.18	0.18	-12.6
70.734	-1.08	0.36	-12.6
70.788	-2.16	0.54	-10.44
70.843	-2.88	0.54	-6.48
70.9	-2.88	0.36	-1.08
70.957	-2.34	0.18	4.32
71.011	-1.26	0	8.64
71.064	0.18	-0.36	11.7
71.118	1.44	-0.54	12.78
71.171	2.52	-0.72	11.7
71.227	3.06	-0.72	8.82
71.279	2.88	-0.9	4.32
71.333	2.34	-0.9	-0.72
71.388	1.08	-0.72	-5.94
71.445	-0.36	-0.54	-10.44
71.504	-1.8	-0.36	-12.6
71.563	-2.7	-0.18	-12.42
71.622	-3.06	-0.18	-9.9
71.681	-2.88	0	-5.58
71.736	-1.98	0	-0.36
71.792	-0.54	0	4.86
71.846	0.9	0	9
71.898	1.98	0	11.88
71.951	2.88	0	12.78
72.001	3.24	0	11.88
72.051	3.06	0	9
72.103	2.34	0	4.86
72.155	1.26	0	0.18
72.206	-0.18	0	-4.86
72.261	-1.44	0	-9.36
72.317	-2.52	0	-12.06
72.373	-3.06	-0.18	-12.78
72.432	-2.88	-0.36	-10.98
72.489	-1.98	-0.54	-7.02
72.548	-0.72	-0.72	-1.62
72.609	0.72	-0.72	3.78
72.663	1.8	-0.9	8.28
72.718	2.7	-0.9	11.34
72.772	2.88	-0.9	12.6
72.825	2.52	-0.72	11.7
72.877	1.8	-0.36	9
72.931	0.54	-0.18	4.68
72.986	-0.72	0	-0.54
73.042	-1.98	0.18	-5.58
73.096	-2.52	0.36	-9.72
73.152	-2.7	0.36	-12.06
73.207	-2.34	0.36	-12.6
73.26	-1.44	0.36	-10.98
73.313	-0.18	0.18	-7.56
73.367	1.08	0	-3.06
73.421	2.16	-0.18	2.16
73.472	2.88	-0.36	7.02
73.527	2.88	-0.54	10.62
73.582	2.52	-0.72	12.42
73.635	1.44	-0.72	12.06
73.69	0.36	-0.72	9.9
73.742	-1.08	-0.72	5.94
73.798	-2.16	-0.72	0.72
73.854	-2.88	-0.54	-4.5
73.912	-3.06	-0.36	-9
73.97	-2.52	-0.18	-11.88
74.028	-1.44	-0.18	-12.42
74.092	0.18	-0.18	-10.62
74.148	1.62	0	-6.84
74.203	2.7	0	-1.98
74.257	3.06	0	3.06
74.31	3.06	0	7.38
74.361	2.34	0	10.62
74.413	1.26	0	12.24
74.464	0	0	12.06
74.514	-1.08	0	9.9
74.566	-2.16	0	6.3
74.62	-2.88	0	1.62
74.671	-2.88	-0.18	-3.42
74.73	-2.34	-0.18	-8.28
74.79	-1.26	-0.36	-11.52
74.848	0.18	-0.54	-12.42
74.906	1.44	-0.54	-11.16
74.963	2.34	-0.72	-7.74
75.022	2.88	-0.72	-2.7
75.078	2.7	-0.72	2.34
75.131	1.98	-0.72	6.84
75.183	0.72	-0.54	10.44
75.238	-0.54	-0.36	12.06
75.294	-1.8	-0.18	11.7
75.35	-2.52	0	9.36
75.405	-2.88	0.18	5.4
75.459	-2.52	0.18	0.36
75.515	-1.62	0.18	-4.68
75.572	-0.36	0.18	-8.82
75.625	0.9	0.18	-11.34
75.677	1.98	0.18	-12.24
75.73	2.88	0	-11.34
75.782	3.06	0	-8.46
75.836	2.88	-0.18	-4.32
75.89	1.98	-0.36	1.08
75.945	0.72	-0.54	5.76
76	-0.72	-0.54	9.72
76.058	-1.98	-0.72	11.88
76.114	-2.88	-0.72	11.88
76.17	-3.06	-0.72	9.54
76.225	-2.88	-0.72	5.76
76.28	-1.8	-0.54	0.72
76.338	-0.54	-0.54	-4.32
76.397	0.9	-0.36	-8.64
76.453	2.16	-0.18	-11.52
76.51	2.88	-0.18	-12.24
76.567	3.06	0	-10.8
76.62	2.52	0	-7.56
76.676	1.62	0.18	-3.24
76.729	0.36	0.18	1.8
76.782	-0.9	0.18	6.48
76.836	-1.98	0.18	10.08
76.889	-2.7	0.18	11.88
76.94	-2.88	0	11.88
76.994	-2.34	-0.18	9.9
77.05	-1.44	-0.36	5.94
77.107	-0.18	-0.36	0.9
77.163	1.08	-0.54	-3.78
77.219	2.16	-0.72	-8.28
77.275	2.7	-0.72	-11.16
77.33	2.7	-0.72	-12.24
77.386	2.16	-0.72	-10.98
77.441	1.08	-0.54	-7.92
77.499	-0.18	-0.54	-3.06
77.559	-1.62	-0.36	2.34
77.615	-2.34	-0.18	7.02
77.673	-2.88	-0.18	10.62
77.731	-2.52	0	12.06
77.784	-1.8	0	11.34
77.84	-0.72	0	9
77.891	0.54	0	5.4
77.942	1.8	0	0.72
77.994	2.52	0	-3.96
78.047	2.88	0	-7.92
78.099	2.88	0	-10.98
78.155	2.16	0	-12.06
78.209	1.08	-0.18	-11.16
78.266	-0.36	-0.18	-7.92
78.326	-1.62	-0.36	-3.06
78.387	-2.52	-0.54	2.52
78.445	-2.88	-0.54	7.02
78.5	-2.7	-0.72	10.44
78.557	-1.8	-0.72	11.88
78.614	-0.54	-0.72	11.16
78.672	0.72	-0.72	8.28
78.728	1.98	-0.72	4.14
78.783	2.52	-0.54	-0.72
78.84	2.7	-0.36	-5.76
78.897	2.34	0	-9.54
78.952	1.44	0	-11.7
79.006	0.36	0.18	-11.88
79.061	-0.9	0.36	-10.08
79.116	-1.8	0.36	-6.3
79.173	-2.34	0.36	-1.62
79.229	-2.34	0.18	3.42
79.282	-1.98	0	7.92
79.338	-1.08	-0.18	10.8
79.397	0.18	-0.36	11.88
79.451	1.26	-0.54	10.8
79.507	2.16	-0.72	7.74
79.563	2.52	-0.72	3.24
79.618	2.34	-0.72	-1.62
79.676	1.62	-0.72	-6.3
79.732	0.72	-0.72	-9.9
79.788	-0.54	-0.54	-11.88
79.848	-1.62	-0.36	-11.34
79.908	-2.34	-0.18	-8.64
79.966	-2.52	-0.18	-4.32
80.025	-2.16	0	0.54
80.077	-1.44	0	5.22
80.132	-0.18	0	9
80.186	0.9	0	11.16
80.235	1.8	0	11.7
80.288	2.52	0	10.44
80.342	2.7	0	7.38
80.395	2.34	0	3.24
80.448	1.62	0	-1.62
80.504	0.54	0	-6.12
80.56	-0.72	0	-9.9
80.617	-1.62	0	-11.7
80.674	-2.34	-0.18	-11.34
80.733	-2.52	-0.36	-8.82
80.792	-2.16	-0.36	-4.5
80.851	-1.26	-0.54	0.9
80.908	0	-0.72	5.4
80.963	1.08	-0.9	9
81.015	1.8	-0.9	11.16
81.07	2.34	-0.72	11.52
81.124	2.34	-0.72	9.9
81.178	1.8	-0.54	6.48
81.232	1.08	-0.18	2.16
81.287	0	0	-2.16
81.34	-0.9	0.18	-6.84
81.397	-1.8	0.36	-10.26
81.455	-2.16	0.36	-11.7
81.512	-2.16	0.36	-10.98
81.567	-1.44	0.36	-8.46
81.621	-0.54	0.18	-4.32
81.678	0.54	0	0.18
81.727	1.44	-0.18	4.68
81.782	1.98	-0.36	8.64
81.838	2.34	-0.54	10.98
81.896	2.16	-0.72	11.34
81.953	1.44	-0.72	9.72
82.008	0.36	-0.72	6.3
82.062	-0.72	-0.72	1.8
82.118	-1.62	-0.54	-3.24
82.178	-2.34	-0.54	-7.74
82.237	-2.34	-0.36	-10.8
82.298	-1.98	-0.18	-11.52
82.357	-1.08	-0.18	-10.26
82.415	0.18	0	-7.02
82.47	1.26	0	-2.7
82.525	1.98	0	2.16
82.578	2.52	0	6.12
82.628	2.52	0	9.36
82.68	1.98	0	11.16
82.734	1.26	0	11.34
82.785	0.18	0	9.54
82.835	-0.72	0	6.3
82.889	-1.62	0	2.16
82.942	-2.16	0	-2.34
82.996	-2.34	-0.18	-7.02
83.053	-1.98	-0.18	-10.08
83.111	-1.08	-0.36	-11.52
83.171	0	-0.54	-10.62
83.23	1.08	-0.72	-7.74
83.287	1.8	-0.72	-3.42
83.344	2.16	-0.72	1.26
83.397	2.16	-0.72	5.76
83.451	1.62	-0.72	9.18
83.504	0.72	-0.54	10.98
83.558	-0.36	-0.36	10.98
83.617	-1.26	-0.18	9
83.674	-1.98	0	5.4
83.728	-2.16	0.18	1.08
83.781	-1.98	0.18	-3.42
83.837	-1.44	0.36	-7.74
83.894	-0.36	0.36	-10.44
83.95	0.72	0.18	-11.34
84.002	1.62	0.18	-10.62
84.054	2.16	0	-7.92
84.109	2.34	-0.18	-3.96
84.165	2.16	-0.36	0.9
84.219	1.44	-0.54	5.22
84.272	0.54	-0.54	8.64
84.326	-0.54	-0.72	10.8
84.382	-1.62	-0.72	10.98
84.439	-2.34	-0.72	9
84.497	-2.52	-0.72	5.22
84.558	-2.16	-0.72	0.36
84.615	-1.44	-0.54	-4.14
84.674	-0.18	-0.36	-8.28
84.734	1.08	-0.36	-10.8
84.789	1.98	-0.18	-11.16
84.845	2.34	0	-9.9
84.898	2.52	0	-6.84
84.952	1.98	0	-2.88
85.003	1.26	0.18	1.44
85.054	0.36	0.18	5.58
85.105	-0.72	0.18	9
85.161	-1.62	0.18	10.8
85.216	-2.16	0	10.98
85.269	-2.16	0	9
85.327	-1.8	-0.18	5.22
85.386	-0.9	-0.36	0.36
85.445	0	-0.54	-4.14
85.501	1.08	-0.54	-8.1
85.557	1.8	-0.72	-10.62
85.613	2.16	-0.72	-11.16
85.668	2.16	-0.72	-9.72
85.726	1.44	-0.72	-6.84
85.781	0.54	-0.54	-2.52
85.837	-0.36	-0.54	2.34
85.892	-1.44	-0.36	6.84
85.95	-1.98	-0.18	9.72
86.004	-2.34	-0.18	10.98
86.06	-1.98	0	10.44
86.114	-1.44	0	8.1
86.17	-0.36	0.18	4.32
86.225	0.72	0.18	-0.18
86.281	1.62	0.18	-4.5
86.334	2.16	0.18	-8.1
86.387	2.52	0	-10.44
86.44	2.16	0	-11.16
86.49	1.62	0	-10.08
86.544	0.72	-0.18	-7.38
86.599	-0.36	-0.36	-2.7
86.659	-1.44	-0.36	2.16
86.717	-2.16	-0.54	6.48
86.774	-2.34	-0.72	9.54
86.832	-2.16	-0.72	10.98
86.889	-1.44	-0.72	10.08
86.947	-0.36	-0.72	7.38
87.004	0.72	-0.72	3.42
87.061	1.62	-0.54	-0.9
87.115	2.16	-0.36	-5.4
87.171	2.16	-0.18	-8.82
87.229	1.8	0	-10.8
87.28	1.08	0.18	-10.98
87.334	0.18	0.18	-9.36
87.386	-0.72	0.36	-6.12
87.442	-1.44	0.36	-1.98
87.497	-1.98	0.36	2.7
87.551	-1.98	0.18	6.66
87.603	-1.62	0	9.54
87.657	-0.9	-0.18	10.8
87.714	0	-0.36	10.26
87.766	0.9	-0.54	8.1
87.819	1.44	-0.72	4.68
87.871	1.98	-0.72	0.36
87.926	1.98	-0.72	-4.14
87.983	1.62	-0.72	-7.92
88.037	0.72	-0.72	-10.26
88.091	0	-0.54	-10.98
88.146	-0.9	-0.36	-9.54
88.208	-1.62	-0.36	-6.3
88.267	-1.98	-0.18	-1.8
88.324	-1.98	-0.18	3.06
88.381	-1.44	-0.18	7.02
88.436	-0.54	0	9.54
88.486	0.36	0	10.62
88.536	1.08	0	10.44
88.587	1.8	0	8.46
88.639	2.16	0	5.22
88.69	2.16	0	1.08
88.743	1.8	0	-3.24
88.798	1.08	0	-7.02
88.853	0	0	-9.72
88.906	-0.9	0	-10.8
88.961	-1.44	-0.18	-10.08
89.018	-1.98	-0.18	-7.2
89.077	-1.98	-0.36	-3.24
89.134	-1.62	-0.54	1.44
89.188	-0.9	-0.72	5.58
89.246	0	-0.72	8.64
89.299	0.9	-0.9	10.44
89.353	1.44	-0.72	10.26
89.407	1.8	-0.72	8.46
89.462	1.8	-0.54	5.22
89.517	1.44	-0.36	1.08
89.571	0.72	-0.18	-3.42
89.63	-0.18	0	-7.2
89.684	-0.9	0.18	-9.9
89.74	-1.44	0.36	-10.62
89.795	-1.62	0.36	-9.72
89.852	-1.44	0.36	-7.02
89.908	-0.9	0.18	-2.88
89.964	-0.18	0	1.62
90.018	0.54	-0.18	5.58
90.073	1.26	-0.36	8.64
90.125	1.62	-0.54	10.26
90.179	1.8	-0.72	10.26
90.234	1.44	-0.72	8.46
90.289	0.9	-0.72	5.04
90.344	0.18	-0.72	1.08
90.396	-0.72	-0.72	-3.42
90.456	-1.44	-0.54	-7.38
90.514	-1.8	-0.36	-9.9
90.572	-1.8	-0.36	-10.62
90.629	-1.44	-0.18	-9.18
90.69	-0.72	-0.18	-5.94
90.748	0.18	0	-2.16
90.802	0.9	0	2.16
90.851	1.44	0	5.94
90.904	1.8	0	8.64
90.954	1.98	0	10.26
91.005	1.62	0	10.26
91.055	1.08	0	8.82
91.104	0.36	0	6.12
91.155	-0.36	0	2.34
91.209	-1.08	0	-1.98
91.264	-1.62	0	-5.94
91.321	-1.62	-0.18	-9.18
91.382	-1.44	-0.18	-10.44
91.439	-0.9	-0.36	-9.72
91.498	0	-0.54	-7.38
91.555	0.72	-0.72	-3.6
91.611	1.26	-0.72	0.9
91.665	1.62	-0.72	5.04
91.72	1.62	-0.72	8.1
91.773	1.26	-0.72	9.9
91.826	0.54	-0.54	10.08
91.879	-0.18	-0.36	8.64
91.935	-0.9	-0.18	5.58
91.989	-1.26	0	1.62
92.043	-1.62	0.18	-2.52
92.101	-1.44	0.18	-6.48
92.156	-1.08	0.36	-9.18
92.212	-0.36	0.36	-10.26
92.269	0.54	0.18	-9.72
92.323	1.08	0.18	-7.38
92.376	1.62	0	-4.14
92.429	1.8	-0.18	0.18
92.482	1.62	-0.36	4.14
92.535	1.26	-0.54	7.38
92.587	0.54	-0.54	9.54
92.639	-0.18	-0.72	10.08
92.695	-1.08	-0.72	9
92.751	-1.62	-0.72	6.12
92.806	-1.8	-0.72	2.16
92.862	-1.8	-0.54	-1.98
92.92	-1.26	-0.54	-6.12
92.978	-0.54	-0.36	-9.18
93.038	0.36	-0.36	-10.26
93.094	1.26	-0.18	-9.72
93.151	1.62	-0.18	-7.2
93.206	1.8	0	-3.6
93.261	1.62	0	0.36
93.31	1.26	0	4.14
93.36	0.54	0	7.38
93.411	-0.18	0	9.54
93.464	-0.9	0	10.08
93.517	-1.44	0	9.18
93.569	-1.62	0	6.84
93.622	-1.62	-0.18	2.88
93.681	-1.08	-0.18	-1.44
93.74	-0.36	-0.36	-5.76
93.799	0.36	-0.54	-8.82
93.856	1.08	-0.54	-10.26
93.914	1.44	-0.54	-9.72
93.971	1.62	-0.72	-7.56
94.028	1.26	-0.72	-3.96
94.085	0.72	-0.54	0.54
94.14	0	-0.54	4.5
94.194	-0.72	-0.36	7.74
94.25	-1.26	-0.36	9.72
94.306	-1.62	-0.18	9.9
94.363	-1.62	0	8.28
94.418	-1.26	0	5.4
94.472	-0.54	0	1.44
94.527	0.18	0.18	-2.52
94.581	0.9	0.18	-6.3
94.635	1.44	0.18	-9
94.69	1.8	0	-10.08
94.743	1.8	0	-9.72
94.797	1.44	0	-7.56
94.85	0.72	-0.18	-4.14
94.907	0	-0.36	0
94.96	-0.72	-0.36	4.14
95.016	-1.44	-0.54	7.56
95.075	-1.8	-0.54	9.72
95.132	-1.8	-0.72	9.9
95.188	-1.44	-0.72	8.28
95.245	-0.72	-0.72	5.04
95.303	0.18	-0.54	1.26
95.356	0.9	-0.54	-2.88
95.413	1.44	-0.36	-6.66
95.466	1.62	-0.18	-9
95.522	1.62	0	-10.08
95.574	1.26	0	-9.54
95.626	0.72	0.18	-7.56
95.676	0	0.18	-4.32
95.731	-0.72	0.18	-0.18
95.784	-1.26	0.18	3.96
95.839	-1.44	0.18	7.2
95.89	-1.44	0	9.36
95.944	-1.08	-0.18	9.9
95.999	-0.54	-0.18	8.82
96.055	0.18	-0.36	6.3
96.108	0.72	-0.54	2.88
96.159	1.26	-0.54	-1.08
96.216	1.44	-0.54	-5.22
96.272	1.44	-0.54	-8.28
96.328	1.08	-0.54	-9.9
96.384	0.36	-0.54	-9.9
96.44	-0.18	-0.54	-7.92
96.498	-0.9	-0.36	-4.32
96.556	-1.44	-0.36	-0.18
96.616	-1.44	-0.18	4.32
96.672	-1.26	-0.18	7.74
96.729	-0.9	-0.18	9.54
96.785	-0.18	0	9.72
96.837	0.54	0	8.46
96.889	1.08	0	5.94
96.939	1.44	0	2.52
96.989	1.62	0	-1.08
97.043	1.44	0	-5.04
97.099	1.08	0	-8.1
97.151	0.54	0	-9.72
97.206	-0.18	0	-9.72
97.262	-0.9	-0.18	-7.92
97.321	-1.26	-0.36	-4.5
97.38	-1.44	-0.36	-0.18
97.439	-1.26	-0.54	3.96
97.495	-0.9	-0.72	7.38
97.551	-0.18	-0.72	9.36
97.606	0.36	-0.72	9.72
97.661	0.9	-0.72	8.46
97.716	1.26	-0.54	5.76
97.768	1.26	-0.54	2.16
97.823	1.26	-0.36	-1.98
97.879	0.72	-0.18	-5.76
97.935	0.18	0	-8.46
97.985	-0.36	0.18	-9.72
98.041	-0.9	0.18	-9.54
98.098	-1.08	0.18	-7.56
98.154	-1.08	0.18	-4.14
98.211	-0.9	0.18	0
98.264	-0.36	0	3.78
98.318	0.18	-0.18	7.02
98.372	0.72	-0.18	9.18
98.427	1.08	-0.36	9.72
98.483	1.26	-0.54	8.46
98.537	1.26	-0.54	5.94
98.591	0.9	-0.72	2.34
98.647	0.36	-0.72	-1.62
98.703	-0.18	-0.54	-5.94
98.765	-0.9	-0.54	-8.82
98.826	-1.26	-0.36	-9.72
98.885	-1.26	-0.36	-9
98.944	-1.08	-0.18	-6.12
99.004	-0.72	-0.18	-2.34
99.063	0	-0.18	1.98
99.118	0.54	-0.18	5.4
99.17	1.08	0	7.92
99.218	1.26	0	9.36
99.268	1.44	0	9.54
99.319	1.26	0	8.28
99.368	0.9	0	5.94
99.417	0.36	0	2.7
99.468	-0.18	0	-1.08
99.523	-0.72	0	-5.04
99.578	-1.08	0	-7.92
99.633	-1.26	-0.18	-9.54
99.692	-1.08	-0.18	-9.36
99.75	-0.72	-0.36	-7.38
99.809	-0.18	-0.54	-3.78
99.87	0.36	-0.54	0.36
99.924	0.9	-0.72	4.14
99.978	1.08	-0.72	7.38
100.032	1.08	-0.72	9.18
100.086	0.9	-0.54	9.54
100.14	0.54	-0.36	8.28
100.193	0	-0.36	5.76
100.244	-0.36	-0.18	1.98
100.302	-0.9	0	-1.8
100.357	-1.08	0.18	-5.58
100.413	-1.08	0.18	-8.28
100.468	-0.72	0.18	-9.54
100.526	-0.18	0.18	-9.18
100.582	0.36	0.18	-7.2
100.636	0.72	0	-4.14
100.69	1.08	-0.18	0
100.745	1.26	-0.18	3.78
100.799	1.26	-0.36	7.02
100.854	0.9	-0.54	9
100.906	0.36	-0.54	9.54
100.961	-0.18	-0.54	8.28
101.018	-0.72	-0.54	5.4
101.077	-1.26	-0.54	1.62
101.133	-1.44	-0.54	-2.34
101.19	-1.26	-0.54	-6.12
101.249	-0.72	-0.36	-8.64
101.308	-0.18	-0.18	-9.54
101.368	0.54	-0.18	-8.64
101.427	1.08	-0.18	-6.12
101.482	1.26	0	-2.7
101.536	1.44	0	1.26
101.588	1.26	0	4.86
101.642	0.72	0	7.56
101.693	0.18	0	9.18
101.742	-0.18	0	9.36
101.798	-0.72	0	7.92
101.852	-1.08	0	5.4
101.905	-1.26	-0.18	1.62
101.96	-1.08	-0.18	-2.34
102.017	-0.72	-0.18	-6.12
102.077	0	-0.36	-8.64
102.132	0.54	-0.36	-9.54
102.192	0.9	-0.54	-8.64
102.248	1.08	-0.54	-6.3
102.304	1.08	-0.54	-2.88
